{
  "siteName": "Prisca Creates \u2014 Mobile Videographer",
  "tagline": "Just a Girl passionate about telling diverse stories through her lens",
  "about": {
    "headline": "Hi, I\u2019m Prisca Creates \u2014 a mobile videographer based in Ghana.",
    "bio": "Just a Girl passionate about telling diverse stories through her lens.",
    "location": "Ghana",
    "email": "priscanaa15@gmail.com",
    "whatsapp": "",
    "instagram": "https://www.instagram.com/prisca_creates?igsh=MWI1aHY3dXh3Zncwcw%3D%3D&utm_source=qr",
    "tiktok": "https://www.tiktok.com/@prisca_creates?_t=ZM-8zFZr24AUTN&_r=1"
  },
  "services": [
    {
      "title": "Social Media Reels",
      "desc": ""
    },
    {
      "title": "Brand Ads",
      "desc": ""
    },
    {
      "title": "Event Videography",
      "desc": ""
    },
    {
      "title": "Travel Videography",
      "desc": ""
    },
    {
      "title": "Real Estate Videography",
      "desc": ""
    },
    {
      "title": "Vlogger",
      "desc": ""
    },
    {
      "title": "Video Editing",
      "desc": ""
    }
  ]
}